{
  "_prefs": {
    "disabled": [],
    "inspector": false,
    "saveCenter": true
  },
  "attribution": "\u003ca href=\"http://www.openstreetmap.org/about/\" target=\"_blank\"\u003e\u0026copy; OpenStreetMap contributors\u003c/a\u003e",
  "basename": "tiles.mbtiles",
  "bounds": [
    -180,
    -85.0511,
    180,
    85.0511
  ],
  "center": [
    0,
    0,
    2
  ],
  "description": "Development extract, based on Flatmap",
  "filesize": "65155072",
  "format": "pbf",
  "id": "planet",
  "map": "{{ .TilesBaseURL }}",
  "maxzoom": {{ .MaxZoom }},
  "minzoom": 0,
  "mtime": "1519996174985",
  "name": "flatmap",
  "pixel_scale": "256",
  "scheme": "xyz",
  "tilejson": "2.1.0",
  "tiles": [
    "{{ .TilesBaseURL }}/tiles/{z}/{x}/{y}.pbf{{ if .TilesKey}}?key={{ .TilesKey }}{{ end }}"
  ],
  "type": "baselayer",
  "vector_layers": [
    {
      "description": "",
      "fields": {
        "class": "String"
      },
      "id": "water",
      "maxzoom": 22,
      "minzoom": 0
    },
    {
      "description": "",
      "fields": {
        "brunnel": "String",
        "class": "String",
        "name": "String",
        "name:ar": "String",
        "name:az": "String",
        "name:be": "String",
        "name:bg": "String",
        "name:br": "String",
        "name:bs": "String",
        "name:ca": "String",
        "name:cs": "String",
        "name:cy": "String",
        "name:da": "String",
        "name:de": "String",
        "name:el": "String",
        "name:en": "String",
        "name:eo": "String",
        "name:es": "String",
        "name:et": "String",
        "name:fi": "String",
        "name:fr": "String",
        "name:fy": "String",
        "name:ga": "String",
        "name:gd": "String",
        "name:he": "String",
        "name:hr": "String",
        "name:hu": "String",
        "name:hy": "String",
        "name:is": "String",
        "name:it": "String",
        "name:ja": "String",
        "name:ja_kana": "String",
        "name:ja_rm": "String",
        "name:ka": "String",
        "name:kk": "String",
        "name:kn": "String",
        "name:ko": "String",
        "name:ko_rm": "String",
        "name:la": "String",
        "name:latin": "String",
        "name:lb": "String",
        "name:lt": "String",
        "name:lv": "String",
        "name:mk": "String",
        "name:mt": "String",
        "name:nl": "String",
        "name:no": "String",
        "name:nonlatin": "String",
        "name:pl": "String",
        "name:pt": "String",
        "name:rm": "String",
        "name:ro": "String",
        "name:ru": "String",
        "name:sk": "String",
        "name:sl": "String",
        "name:sq": "String",
        "name:sr": "String",
        "name:sr-Latn": "String",
        "name:sv": "String",
        "name:th": "String",
        "name:tr": "String",
        "name:uk": "String",
        "name:zh": "String",
        "name_de": "String",
        "name_en": "String",
        "name_int": "String"
      },
      "id": "waterway",
      "maxzoom": 22,
      "minzoom": 0
    },
    {
      "description": "",
      "fields": {
        "class": "String",
        "subclass": "String"
      },
      "id": "landcover",
      "maxzoom": 22,
      "minzoom": 0
    },
    {
      "description": "",
      "fields": {
        "class": "String"
      },
      "id": "landuse",
      "maxzoom": 22,
      "minzoom": 0
    },
    {
      "description": "",
      "fields": {
        "ele": "Number",
        "ele_ft": "Number",
        "name": "String",
        "name:ar": "String",
        "name:az": "String",
        "name:be": "String",
        "name:bg": "String",
        "name:br": "String",
        "name:bs": "String",
        "name:ca": "String",
        "name:cs": "String",
        "name:cy": "String",
        "name:da": "String",
        "name:de": "String",
        "name:el": "String",
        "name:en": "String",
        "name:eo": "String",
        "name:es": "String",
        "name:et": "String",
        "name:fi": "String",
        "name:fr": "String",
        "name:fy": "String",
        "name:ga": "String",
        "name:gd": "String",
        "name:he": "String",
        "name:hr": "String",
        "name:hu": "String",
        "name:hy": "String",
        "name:is": "String",
        "name:it": "String",
        "name:ja": "String",
        "name:ja_kana": "String",
        "name:ja_rm": "String",
        "name:ka": "String",
        "name:kk": "String",
        "name:kn": "String",
        "name:ko": "String",
        "name:ko_rm": "String",
        "name:la": "String",
        "name:latin": "String",
        "name:lb": "String",
        "name:lt": "String",
        "name:lv": "String",
        "name:mk": "String",
        "name:mt": "String",
        "name:nl": "String",
        "name:no": "String",
        "name:nonlatin": "String",
        "name:pl": "String",
        "name:pt": "String",
        "name:rm": "String",
        "name:ro": "String",
        "name:ru": "String",
        "name:sk": "String",
        "name:sl": "String",
        "name:sq": "String",
        "name:sr": "String",
        "name:sr-Latn": "String",
        "name:sv": "String",
        "name:th": "String",
        "name:tr": "String",
        "name:uk": "String",
        "name:zh": "String",
        "name_de": "String",
        "name_en": "String",
        "name_int": "String",
        "osm_id": "Number",
        "rank": "Number"
      },
      "id": "mountain_peak",
      "maxzoom": 22,
      "minzoom": 0
    },
    {
      "description": "",
      "fields": {
        "class": "String"
      },
      "id": "park",
      "maxzoom": 22,
      "minzoom": 0
    },
    {
      "description": "",
      "fields": {
        "admin_level": "Number",
        "disputed": "Number",
        "maritime": "Number"
      },
      "id": "boundary",
      "maxzoom": 22,
      "minzoom": 0
    },
    {
      "description": "",
      "fields": {
        "class": "String",
        "ref": "String"
      },
      "id": "aeroway",
      "maxzoom": 22,
      "minzoom": 0
    },
    {
      "description": "",
      "fields": {
        "brunnel": "String",
        "class": "String",
        "indoor": "Number",
        "layer": "Number",
        "level": "Number",
        "oneway": "Number",
        "ramp": "Number",
        "service": "String",
        "subclass": "String"
      },
      "id": "transportation",
      "maxzoom": 22,
      "minzoom": 0
    },
    {
      "description": "",
      "fields": {
        "render_height": "Number",
        "render_min_height": "Number"
      },
      "id": "building",
      "maxzoom": 22,
      "minzoom": 0
    },
    {
      "description": "",
      "fields": {
        "class": "String",
        "name": "String",
        "name:ar": "String",
        "name:az": "String",
        "name:be": "String",
        "name:bg": "String",
        "name:br": "String",
        "name:bs": "String",
        "name:ca": "String",
        "name:cs": "String",
        "name:cy": "String",
        "name:da": "String",
        "name:de": "String",
        "name:el": "String",
        "name:en": "String",
        "name:eo": "String",
        "name:es": "String",
        "name:et": "String",
        "name:fi": "String",
        "name:fr": "String",
        "name:fy": "String",
        "name:ga": "String",
        "name:gd": "String",
        "name:he": "String",
        "name:hr": "String",
        "name:hu": "String",
        "name:hy": "String",
        "name:is": "String",
        "name:it": "String",
        "name:ja": "String",
        "name:ja_kana": "String",
        "name:ja_rm": "String",
        "name:ka": "String",
        "name:kk": "String",
        "name:kn": "String",
        "name:ko": "String",
        "name:ko_rm": "String",
        "name:la": "String",
        "name:latin": "String",
        "name:lb": "String",
        "name:lt": "String",
        "name:lv": "String",
        "name:mk": "String",
        "name:mt": "String",
        "name:nl": "String",
        "name:no": "String",
        "name:nonlatin": "String",
        "name:pl": "String",
        "name:pt": "String",
        "name:rm": "String",
        "name:ro": "String",
        "name:ru": "String",
        "name:sk": "String",
        "name:sl": "String",
        "name:sq": "String",
        "name:sr": "String",
        "name:sr-Latn": "String",
        "name:sv": "String",
        "name:th": "String",
        "name:tr": "String",
        "name:uk": "String",
        "name:zh": "String",
        "name_de": "String",
        "name_en": "String",
        "name_int": "String"
      },
      "id": "water_name",
      "maxzoom": 22,
      "minzoom": 0
    },
    {
      "description": "",
      "fields": {
        "class": "String",
        "indoor": "Number",
        "layer": "Number",
        "level": "Number",
        "name": "String",
        "name:ar": "String",
        "name:az": "String",
        "name:be": "String",
        "name:bg": "String",
        "name:br": "String",
        "name:bs": "String",
        "name:ca": "String",
        "name:cs": "String",
        "name:cy": "String",
        "name:da": "String",
        "name:de": "String",
        "name:el": "String",
        "name:en": "String",
        "name:eo": "String",
        "name:es": "String",
        "name:et": "String",
        "name:fi": "String",
        "name:fr": "String",
        "name:fy": "String",
        "name:ga": "String",
        "name:gd": "String",
        "name:he": "String",
        "name:hr": "String",
        "name:hu": "String",
        "name:hy": "String",
        "name:is": "String",
        "name:it": "String",
        "name:ja": "String",
        "name:ja_kana": "String",
        "name:ja_rm": "String",
        "name:ka": "String",
        "name:kk": "String",
        "name:kn": "String",
        "name:ko": "String",
        "name:ko_rm": "String",
        "name:la": "String",
        "name:latin": "String",
        "name:lb": "String",
        "name:lt": "String",
        "name:lv": "String",
        "name:mk": "String",
        "name:mt": "String",
        "name:nl": "String",
        "name:no": "String",
        "name:nonlatin": "String",
        "name:pl": "String",
        "name:pt": "String",
        "name:rm": "String",
        "name:ro": "String",
        "name:ru": "String",
        "name:sk": "String",
        "name:sl": "String",
        "name:sq": "String",
        "name:sr": "String",
        "name:sr-Latn": "String",
        "name:sv": "String",
        "name:th": "String",
        "name:tr": "String",
        "name:uk": "String",
        "name:zh": "String",
        "name_de": "String",
        "name_en": "String",
        "name_int": "String",
        "network": "String",
        "ref": "String",
        "ref_length": "Number",
        "subclass": "String"
      },
      "id": "transportation_name",
      "maxzoom": 22,
      "minzoom": 0
    },
    {
      "description": "",
      "fields": {
        "capital": "Number",
        "class": "String",
        "iso_a2": "String",
        "name": "String",
        "name:ar": "String",
        "name:az": "String",
        "name:be": "String",
        "name:bg": "String",
        "name:br": "String",
        "name:bs": "String",
        "name:ca": "String",
        "name:cs": "String",
        "name:cy": "String",
        "name:da": "String",
        "name:de": "String",
        "name:el": "String",
        "name:en": "String",
        "name:eo": "String",
        "name:es": "String",
        "name:et": "String",
        "name:fi": "String",
        "name:fr": "String",
        "name:fy": "String",
        "name:ga": "String",
        "name:gd": "String",
        "name:he": "String",
        "name:hr": "String",
        "name:hu": "String",
        "name:hy": "String",
        "name:is": "String",
        "name:it": "String",
        "name:ja": "String",
        "name:ja_kana": "String",
        "name:ja_rm": "String",
        "name:ka": "String",
        "name:kk": "String",
        "name:kn": "String",
        "name:ko": "String",
        "name:ko_rm": "String",
        "name:la": "String",
        "name:latin": "String",
        "name:lb": "String",
        "name:lt": "String",
        "name:lv": "String",
        "name:mk": "String",
        "name:mt": "String",
        "name:nl": "String",
        "name:no": "String",
        "name:nonlatin": "String",
        "name:pl": "String",
        "name:pt": "String",
        "name:rm": "String",
        "name:ro": "String",
        "name:ru": "String",
        "name:sk": "String",
        "name:sl": "String",
        "name:sq": "String",
        "name:sr": "String",
        "name:sr-Latn": "String",
        "name:sv": "String",
        "name:th": "String",
        "name:tr": "String",
        "name:uk": "String",
        "name:zh": "String",
        "name_de": "String",
        "name_en": "String",
        "name_int": "String",
        "rank": "Number"
      },
      "id": "place",
      "maxzoom": 22,
      "minzoom": 0
    },
    {
      "description": "",
      "fields": {
        "housenumber": "String"
      },
      "id": "housenumber",
      "maxzoom": 22,
      "minzoom": 0
    },
    {
      "description": "",
      "fields": {
        "agg_stop": "Number",
        "class": "String",
        "name": "String",
        "name:ar": "String",
        "name:az": "String",
        "name:be": "String",
        "name:bg": "String",
        "name:br": "String",
        "name:bs": "String",
        "name:ca": "String",
        "name:cs": "String",
        "name:cy": "String",
        "name:da": "String",
        "name:de": "String",
        "name:el": "String",
        "name:en": "String",
        "name:eo": "String",
        "name:es": "String",
        "name:et": "String",
        "name:fi": "String",
        "name:fr": "String",
        "name:fy": "String",
        "name:ga": "String",
        "name:gd": "String",
        "name:he": "String",
        "name:hr": "String",
        "name:hu": "String",
        "name:hy": "String",
        "name:is": "String",
        "name:it": "String",
        "name:ja": "String",
        "name:ja_kana": "String",
        "name:ja_rm": "String",
        "name:ka": "String",
        "name:kk": "String",
        "name:kn": "String",
        "name:ko": "String",
        "name:ko_rm": "String",
        "name:la": "String",
        "name:latin": "String",
        "name:lb": "String",
        "name:lt": "String",
        "name:lv": "String",
        "name:mk": "String",
        "name:mt": "String",
        "name:nl": "String",
        "name:no": "String",
        "name:nonlatin": "String",
        "name:pl": "String",
        "name:pt": "String",
        "name:rm": "String",
        "name:ro": "String",
        "name:ru": "String",
        "name:sk": "String",
        "name:sl": "String",
        "name:sq": "String",
        "name:sr": "String",
        "name:sr-Latn": "String",
        "name:sv": "String",
        "name:th": "String",
        "name:tr": "String",
        "name:uk": "String",
        "name:zh": "String",
        "name_de": "String",
        "name_en": "String",
        "name_int": "String",
        "rank": "Number",
        "subclass": "String"
      },
      "id": "poi",
      "maxzoom": 22,
      "minzoom": 0
    },
    {
      "description": "",
      "fields": {
        "class": "String",
        "ele": "Number",
        "ele_ft": "Number",
        "iata": "String",
        "icao": "String",
        "name": "String",
        "name:ar": "String",
        "name:az": "String",
        "name:be": "String",
        "name:bg": "String",
        "name:br": "String",
        "name:bs": "String",
        "name:ca": "String",
        "name:cs": "String",
        "name:cy": "String",
        "name:da": "String",
        "name:de": "String",
        "name:el": "String",
        "name:en": "String",
        "name:eo": "String",
        "name:es": "String",
        "name:et": "String",
        "name:fi": "String",
        "name:fr": "String",
        "name:fy": "String",
        "name:ga": "String",
        "name:gd": "String",
        "name:he": "String",
        "name:hr": "String",
        "name:hu": "String",
        "name:hy": "String",
        "name:is": "String",
        "name:it": "String",
        "name:ja": "String",
        "name:ja_kana": "String",
        "name:ja_rm": "String",
        "name:ka": "String",
        "name:kk": "String",
        "name:kn": "String",
        "name:ko": "String",
        "name:ko_rm": "String",
        "name:la": "String",
        "name:latin": "String",
        "name:lb": "String",
        "name:lt": "String",
        "name:lv": "String",
        "name:mk": "String",
        "name:mt": "String",
        "name:nl": "String",
        "name:no": "String",
        "name:nonlatin": "String",
        "name:pl": "String",
        "name:pt": "String",
        "name:rm": "String",
        "name:ro": "String",
        "name:ru": "String",
        "name:sk": "String",
        "name:sl": "String",
        "name:sq": "String",
        "name:sr": "String",
        "name:sr-Latn": "String",
        "name:sv": "String",
        "name:th": "String",
        "name:tr": "String",
        "name:uk": "String",
        "name:zh": "String",
        "name_de": "String",
        "name_en": "String",
        "name_int": "String",
        "osm_id": "Number"
      },
      "id": "aerodrome_label",
      "maxzoom": 22,
      "minzoom": 0
    }
  ],
  "version": "3.3"
}
